,Title,Post Text,ID,Title Score,Total Comments,Post URL
0,My daughter passed away when she was 15. Today is her 21st birthday and I so miss being a mom to her. Anybody need a mom for a minute?,,shxdas,13138,828,https://i.redd.it/uieiwvhnn8f81.jpg
1,Mom is the prom dress I choose really that bad? My boyfriend hates it and I‚Äôm starting to think he‚Äôs right. I spent a lot of money and I‚Äôm starting to regret it.,,tl4uwe,12492,2613,https://www.reddit.com/gallery/tl4uwe
2,Hey Mom! So I‚Äôve reached a pretty big milestone and have now been transitioning for over a year! I‚Äôm so proud at how far I‚Äôve come and I hope you‚Äôre proud of your daughter. üíú,"My Mom passed away before I was able to come out to her and it‚Äôs something that will always haunt me forever. 

I never wanted anything more than to be Mom and Daughter together, cooking meals, getting our nails done, going shopping, etc and just coming to terms that I‚Äôll never get that chance is difficult.",weu7zn,8962,531,https://i.redd.it/3ux0bpvgref91.jpg
3,"Mom here, if you need support or help camping let me know",,vjq0sl,8262,349,https://i.redd.it/1sjfm6dlzk791.jpg
4,"Mom, I did it. I‚Äôm alive. I rang that MF bell.",,upwgxi,6959,188,https://v.redd.it/kdyzeaczyjz81
5,"Mom I did it! I won a scholarship, Im on my way to become a welder!",,utb4u0,5670,120,https://i.redd.it/fqmynzq0ih091.jpg
6,"Mom, I started watercolouring and I think I may have found my calling! my real mom was unimpressed though",,wn1rzy,5531,327,https://www.reddit.com/gallery/wn1rzy
7,We've got your back,,sh96f4,5502,133,https://i.redd.it/76trr6r9y1f81.jpg
8,"Hey mom, you passed away before you could see me grow up, but look at me now! Your baby girl is 2 years alcohol free!",,t01987,5197,156,https://i.redd.it/lfwdy479gpj81.jpg
9,"Mom, I‚Äôm 10 years clean from heroin today.",,uq6ure,5105,203,https://www.reddit.com/gallery/uq6ure
10,MOMMMM!!! I‚Äôve been in a womens shelter for three months and I had to leave so much behind to not set off any alarms. I‚Äôve finally been able to afford a laundry hamper and full body mirror üíô I‚Äôve never been so grateful so razor refills and a clock. A water bottle! Kitchen towels! They‚Äôre so pretty!,"I‚Äôm literally dancing around my room opening this haul I‚Äôve finally been able to afford after struggling for so long. It feels so bitter sweet. I have no one to celebrate this with who will understand why this is such a big amazing moment for me üíöüíöüíöüíö

I‚Äôm so happy right now to have the basics I‚Äôve been saving for months.

Truthfully there‚Äôs no one I can celebrate all these milestones with. I‚Äôve come so since I escaped and I wish I could tell the whole world or have someone say omg I see you! You‚Äôre doing it! This is a big deal! Thank you for being that safe space for me moms üíö

Edit: I forgot the other stuff I got! I‚Äôm literally happy crying from gratitude! I got a steel 30oz tumblr for the summer. It‚Äôs so cute and classy. No more rationing plastic water bottles. I can‚Äôt stop staring at it. I‚Äôm dancing in front of my mirror with my tumblr like the happiest I‚Äôve been in so long. My clock is so big!! No more racing around looking for a device wondering what time it is while getting ready (I have ADHD so clocks help so much). I got face towels, no more paper towels!! But i got some of those and toilet paper too! I was using one roll of paper towels for both. I got the *comfiest* flip flops that I don‚Äôt ever want to take off. I got that lysol spray that smells like lavender üíú and dryer sheets and febreeze that I keep spraying on everything lol god it feels so good. Body lotion!! And it smells like summer!! And it‚Äôs from my favorite vegan brand. I still can‚Äôt get over having my trash in an actual trash can and my laundry in an actual hamper that won‚Äôt stink. And another small laundry basket to carry my laundry up that won‚Äôt take using all my strength to climb the stairs. Can you tell I went to target? Lol thanks for letting me share this, I‚Äôve been dying to tell anyone

Edit 2: OMG A GOLD I LOVE THIS SUBREDDIT ü•∫üíì

Edit 3: I turned my phone off the night I posted this and woke up to all of this üíì I‚Äôm so overwhelmed I can‚Äôt even put it into words. I‚Äôm sorry I couldn‚Äôt update sooner. My rabbit had a little scare this week and I‚Äôve been high key stressed about getting him better and getting him to take some meds. He‚Äôs doing a little better now thankfully. I just didn‚Äôt have the social battery or energy to respond or update until now. 

I honestly didn‚Äôt think anyone would see this. Maybe one or two people but the out pouring of love I‚Äôve received is one of the most touching moments I‚Äôve experienced on Reddit. To be seen and celebrated with like this, it helps so much on the lonely harder days than you can imagine. 

I want to respond to each and everyone of you, but I might not get to it tonight. I‚Äôm so sorry to keep everyone waiting and sorry I couldn‚Äôt update sooner. I just want to put my full energy and focus into my replies

To everyone who offered me some help, I can‚Äôt tell you the feelings of gratitude and love I had when I saw your messages. The internet can be such a crazy mean place. But all of your messages restore my faith in humanity and give me so much hope for our world. Im overwhelmed and want to say thank you from the bottom of my heart. Your kindnesses are so heart warming. It‚Äôs really kept me going this week. 

I‚Äôm going to get back to everyone as soon as I can. Thank you for being so patient and sweet to me. I don‚Äôt know if I can post or link my stuff here so I‚Äôll message everyone who offered individually. 

Moms, siblings, friends, fam, i love you all so much. I wish all the blessings on you.

I honestly cannot wait to be in the position where I can scroll through this subreddit and offer kindness and help like you all have done for me üíõ I can‚Äôt wait to pay it forward and be a mom for a minute to more people like me who need support and love the most 

You‚Äôre all my favorite people in the internet

Edit 4: I‚Äôm so sorry, I have ASD and things slip from my mind so quickly. I wanted to say thank you so much for all the awards!!!! I literally dropped my phone when I woke up and saw all of them. Good lord I‚Äôve never received so many golds, let alone awards! I‚Äôm going around giving everyone all the rewards I can now lol thank you so much for appreciating and celebrating my little wins and milestones. You‚Äôre all so kind, I wish the world was more like you",v7bcp1,4816,213,https://www.reddit.com/r/MomForAMinute/comments/v7bcp1/mommmm_ive_been_in_a_womens_shelter_for_three/
11,"Hey Mom, I made it a year clean from hard drugs today!",,vao43v,4515,105,https://i.redd.it/kkf912w2j7591.png
12,"Told to come here from r/popular; Came into some money. My mother invoiced me $116,000",,t71chq,4324,678,https://www.reddit.com/gallery/t71chq
13,"I did it! It took me five years, a bunch of major obstacles, and the absolute lowest point of my mental health ever, but I stuck with it. I don't really have anyone to talk to about it irl, but I'm proud of myself :)",,usopub,4165,135,https://i.redd.it/w156aiimab091.jpg
14,"Mom, I wish you could see how much progress I've made as a person. I wish you were still here. Maybe dad wouldn't have such a problem with it, if you were able to talk to him. I miss you and love you!",,uyz11k,4124,226,https://i.redd.it/wwrrcxz301291.jpg
15,"Hey Mom, it‚Äôs my first birthday without you calling me and singing ‚ÄúHappy Birthday‚Äù but they decorated my office to surprise me this morning.",,wk3azc,4120,237,https://i.redd.it/6tqvoxo6wog91.jpg
16,"Hey mom. I showed you this picture of the outfit I was so happy to have found for the concert I‚Äôm going to attend. I wish you could have been excited with me instead of being awkwardly silent. I know you miss your son, but I really wish you could love me as your daughter.",,v61p6k,4111,307,https://i.imgur.com/nOoK0wB.jpg
17,"Hey Mom, I finally am getting out of my depression and tapping back into my creativity for event design and planning again :) Made a fairytale sleep over for my god daughter‚Äôs 10th birthday, and I‚Äôm super proud of how it turned out.",,wi1tdl,4099,179,https://i.redd.it/xz72rxdkl6g91.jpg
18,I‚Äôm sure you‚Äôre all tired of my updates but I just need one more happy moment......they chose my middle name.......and the second they told me why I broke down.,"So I accepted my parents offer to legally adopt me. Part of that was I wanted to take their last name, but also due to the abuse from my biological parents I didn‚Äôt want to keep my middle name since since it was my biological mothers first name. 

I told my new parents I wanted them to choose a name for my middle name because they have 4 kids between them (3 living) but have none biologically together so they‚Äôve never gotten to choose a name for a child together. I wanted to give them that opportunity as a couple/parents and also for me to have the sentimental value that they chose my new middle name specifically for me.  

So we‚Äôre headed to the lawyers soon to start paperwork and they wanted to come up with a name before we started the paperwork. Apparently they were awake half the night searching baby names and meanings on the Internet and discussing it trying to find one they loved. 

Well they found one. 

They chose ‚ÄúEMMELLYN‚Äù which means  ‚Äúpeaceful home‚Äù 

They told me their reasons for meaning and spelling were: 

1. With them and being adopted I now will legally forever have a peaceful home/family. No more abuse or trauma to worry about. 

2. Both of their middle names start with ‚ÄúE‚Äù so they only considered ‚ÄúE‚Äù names 

3. Moms middle name has ‚ÄúELL‚Äù in it 

4. Dad‚Äôs first name has ‚ÄúELL‚Äù in it 


As soon as they finished that explanation and I said my full name with this middle name and their last name out loud.........instant tears from me. 

I don‚Äôt know what I expected them to come up with for a name, but this has so much more meaning and deep ties to them/their names than I ever thought they could pack into one name. 

I finally know my new name.....it‚Äôll take a while for the whole process and before it‚Äôs legal and all that, but I finally feel like I‚Äôm moving on from my past and building a future with my family.",v45sha,3995,361,https://www.reddit.com/r/MomForAMinute/comments/v45sha/im_sure_youre_all_tired_of_my_updates_but_i_just/
19,Hey young ladies. Moms have got your back.,,t921z8,3980,116,https://i.redd.it/9gwb6wdxk1m81.jpg
20,Every step is a step forward. Life is not a race.‚ù§Ô∏è,,siy7nj,3888,32,https://i.redd.it/e70wzzbl6hf81.jpg
21,"Happy Birthday, mom üíõ I graduated college yesterday. I miss you everyday and even wore your shoes so you‚Äôd be walking the stage with me üíõ",,rhhdy1,3853,131,https://i.redd.it/vy17j8qvqt581.jpg
22,"Hey mom! I‚Äôm trans and I‚Äôm getting married! I picked out my wedding dress!! I love it and feel beautiful in it! It compliments my wife‚Äôs wedding dress perfectly!! I forgot to smile, but I‚Äôm happy I promise! What do you think?",,va98uk,3839,592,https://i.redd.it/or1be6mit2591.jpg
23,Birth person always said I couldn't draw and I believed her. Last year my therapist started asking me to draw stuff and look at me now.,,w34mb3,3835,166,https://www.reddit.com/gallery/w34mb3
24,My baby sister just spoke for the first time,"She‚Äôs 11. She‚Äôs my baby cousin technically but my parents have custody and they‚Äôre adopting her. 

She didn‚Äôt speak at all although I swear I heard her talking to her comfort toy, a stuffed elephant. 

She‚Äôs homeschooled and I‚Äôm taking online classes so I can take care of her during the day. She spends most of the day sitting next to me/in my lap while I work and we‚Äôve gotten really close. 

She got sick on Monday. Her doctor said it‚Äôs just a stomach bug and she‚Äôll be fine but I had to take her to the hospital today. I called my mom at work and she met us there. I picked my sister up and tried to hand her off to my mom and she held onto me and said ‚Äúno‚Äù. That was huge for her. So my mom got her bag and I carried her in and she mumbled ‚ÄúEllie‚Äù (her elephant is named Ellie). 

This is huge for her. This is the first time she‚Äôs ever spoken to any of us.

Update: I‚Äôm with my sister at the hospital and she‚Äôs looking so much better. She also has the energy to play with her toys for the first time since Monday.",waippe,3820,149,https://www.reddit.com/r/MomForAMinute/comments/waippe/my_baby_sister_just_spoke_for_the_first_time/
25,Hey mom meet my baby! Born this morning!,,yatpys,3810,176,https://i.redd.it/7mq46uj78ev91.jpg
26,mums i got my wedding ring today,,v177qc,3759,126,https://i.redd.it/ux49mfiwun291.jpg
27,"Hi Moms, my depression is literally killing me but I finally did the dishes. I wish I had a Mom to congratulate me on my small wins because they‚Äôre actually huge.",,v8ns0z,3706,148,https://v.redd.it/jy891rih5n491
28,"Mom, I picked up my wedding dress today. My heart aches knowing you don't want to be at my wedding and will never be a part of my life. I hate you for choosing my abuser over me , but I love you so much it hurts üíî",,scnvf6,3671,242,https://i.redd.it/29f5l250fwd81.jpg
29,I really like my foster home so far,"I don‚Äôt know if this is the right place for this post but I don‚Äôt know where else to put this. 

I‚Äôve been in my foster home for 4 months now and it‚Äôs really nice. I have my own room with a really comfy bed and my foster parents let me paint it whatever color I wanted. They even took me shopping for decorations. They have 4 other kids, all girls. We don‚Äôt always get along but they‚Äôre usually pretty nice, especially the oldest two. They also have a lot of animals. Their house is on a farm. They have 2 horses, 24 chickens, 7 ducks, 2 dogs, and 3 cats. I‚Äôm scared of cats but they‚Äôre not that bad and I can usually stay away from them. This family takes me on vacations with them. They travel a lot. And there‚Äôs always really good food in the house and I can eat whenever I want. My foster mom is the best cook. They let me do school online because I get really scared around a lot of people and I have a really hard time talking in front of people and I‚Äôm doing really good. I had a test today and I got a B. My birthday was on Wednesday and they got me presents. I don‚Äôt usually get presents on my birthday so I was kinda confused at first but opening the presents was really fun. 

Im really sorry if the post is too long. I‚Äôve never done this before.

Edit: thank you everyone for the nice comments! My foster mom asked me to run an errand with her then I should probably go to bed but I‚Äôm gonna check this account in the morning.",xg9ucl,3656,195,https://www.reddit.com/r/MomForAMinute/comments/xg9ucl/i_really_like_my_foster_home_so_far/
30,"Mom, I finally graduated. It‚Äôs been a lot of work, I still don‚Äôt know how I even pulled through. I hope your proud of me.",,uw59zg,3637,147,https://i.redd.it/akm4urhce9191.jpg
31,"Mom, I cleaned the living room.",,v3cmcm,3539,156,https://www.reddit.com/gallery/v3cmcm
32,"Mom, Christmas is gonna be slim this year so Im making some stuffies for my little ones. All I want for Christmas is to see my kids smile!",,rk05xs,3508,326,https://i.redd.it/4kx149oc0j681.jpg
33,"Crossdresser, and will be presenting female out in public for the first time!! Could use some words of encouragement so I don‚Äôt chicken out. PS will be shaving, didn‚Äôt have time before trying dress on",,z8hvxl,3513,600,https://www.reddit.com/gallery/z8hvxl
34,"As of this morning, my name is legally Kaya Jean. At the courthouse, they read a really pretty poem about daring to be true to yourself. They were so nice and supportive. I'm so glad I got this far.",,yjg3t2,3481,156,https://i.redd.it/7jm4lnd18fx91.jpg
35,This is for everyone in this sub. Hoping you‚Äôre having a great day!,,ul2foc,3424,71,https://i.redd.it/gcymwgr8e9y81.jpg
36,"I used every dollar I had to be able to move into my first apartment. I don‚Äôt have any furniture nor money for it, but I have a place to call mine.",,tze0av,3372,182,https://i.redd.it/qmbxexqojds81.jpg
37,If you ever need a trip to Canada for poutine‚Ä¶,"In Canada, you can get a poutine in every province, if you so choose. Not everyone wants to order poutine, and that‚Äôs totally fine. It‚Äôs your choice. 

In the US, some states have restaurants with poutine on the menu. Lots don‚Äôt. And after today, fewer will. 

If you find yourself in need of a poutine, but live in a state that restricts access to poutine, consider a trip to Canada, and give me a shout. I won‚Äôt ask what size poutine you want or why you haven‚Äôt considered other food options. That‚Äôs your choice. That is ONLY YOUR CHOICE. I can, however, help take you to order your poutine, wait with you while you eat, and make sure you have a comfy place to rest, post-poutine.

I got you and I love you. -Mom

(I found this on Facebook and I don‚Äôt know who the original author of this is, but in any case, I am here for you).",vklkhj,3353,185,https://www.reddit.com/r/MomForAMinute/comments/vklkhj/if_you_ever_need_a_trip_to_canada_for_poutine/
38,"Mom, we got married yesterday! Not super close to my bio mom, I hope my reddit fam can share in our happiness ü•Ç",,xtv85o,3349,203,https://i.imgur.com/7RR06UH.jpg
39,"Hey mom, I got engaged!",,udvu27,3323,132,https://i.redd.it/lvo2brin0aw81.jpg
40,"Hi mom, dad died on Monday. I haven't been able to contact you since you got deported, I hope you're okay. I put you in the obituary as ""significant other"". I know you guys broke up, but you were significant to him. Love you.",,ufkhr3,3317,55,https://i.imgur.com/uIxd6DH.jpg
41,There are no rules - do what you can.,,t80qy7,3316,105,https://i.redd.it/u6f7bngv4sl81.jpg
42,Finally pregnant after infertility treatment!,,w7sjdh,3304,194,https://i.redd.it/zwxbaokclqd91.jpg
43,"hey mom, today's the first day I'm the real me at work! It's scary but I know I can do it",,vxeq3s,3287,238,https://i.redd.it/s6hkh87lu5b91.jpg
44,"hey mom, checking in a bit late this time, had a rough week. but I told myself, my reddit mom's are counting on me. so here's the only thing I made this week. thanks for being here moms",,xip3lg,3164,165,https://i.redd.it/5rcjboqjbxo91.jpg
45,"Hey mom, I tried on wedding dresses and felt very proud of the woman in the mirror. Now: which dress???",,r9vdbx,3147,587,https://www.reddit.com/gallery/r9vdbx
46,Hi mom. We're engaged and will get married next year. My family doesn't support us out of religious differences. It's hard on us sometimes; like today. Mind if I ask for a few words of encouragement?,,xwiku8,3132,180,https://i.imgur.com/HFEA9ye.jpg
47,hey moms! I finally got the courage to go out femmed up! Feels like a big first step.,Its been a long time coming but im really happy I was able to do this. Hows my outfit! Im not much for fashion but im really proud of myself.,wv0wt5,3101,386,https://www.reddit.com/gallery/wv0wt5
48,Hi Mum. I'm too nervous to show you my painting irl. It's the first thing I've created inspired by my SA. It means a lot to me.,,wqsvwi,3026,157,https://i.redd.it/pe78t3ibsai91.jpg
49,Hey mom. I got married :),,vbdq37,2989,91,https://i.redd.it/2skdhbeche591.jpg
50,Well mom today marks 18 years since I was pronounced dead at the scene of my wreck. Kinda fukked me up in the head but I am still here damnit. ( I had to share this after I found it in an old flashdrive),,u6bey1,2982,85,https://i.redd.it/qi8hng1g1au81.png
51,"Mom, I got married‚Ä¶","Mom, I got married last week, and my bio Mom isn‚Äôt in my life anymore because she‚Äôs too sick to be my mom. All I‚Äôve wanted to do is talk to her about it‚Ä¶ but it wouldn‚Äôt be healthy for me to establish contact so‚Ä¶. I hope you don‚Äôt mind me telling you. 

He‚Äôs the man of my dreams. He‚Äôs been my best friend since 8th grade, and will always be my best friend. He is so understanding, and I don‚Äôt know anyone else so excited to see me grow and succeed in everything I‚Äôve ever dreamed. I love him. The day was beautiful, and I‚Äôve never felt so beautiful. I can‚Äôt wait to start the rest of our lives together. ‚ù§Ô∏è 

Thank you for letting me tell you.",xv0s3w,2972,98,https://i.redd.it/z3f4ndyysor91.jpg
52,hi Mom's. it's me again. I got a 65% salary increase and I cannot tell my family,"Hi Mom's, dad's, brothers and sisters.

If my post history is of any interest,  I come from a toxic,  narcissistic and dysfunctional family.

I've always been the by the way child, albeit first born, yet my brother is the golden child. Culturally,  boys and men are better.

I've always been ambitious, studious and hard working. My brother has always been our mother's pet and anything I ever did was always over shadowed.

I began my current position last year. I am a late in life student, I finished my law degree when I was 36. Am currently doing masters.

Due to rising costs, as well as high performance,  my salary was increased by 50% after tax as of Friday. Indefinitely. I am so grateful for finally earning my worth (I am a non practicing legal practitioner in the financial services industry).

When I began my current role, I only told my parents a portion of what I earned. When I earned a bonus of 2 salaries on top of my salary in April, I just did a grocery run.

With the unexpected bonus (I was working less than a year), I settled all my debt. Including university. I am not in the USA,  so our tertiary fees are not that high.

I have been living debt free since April.

Right now, I've been afforded financial freedom,  through my hard work and persistence. I am grateful for who I have become, irrespective that no one in my immediate family has ever believed in my capabilities.

Thank you Internet family for listening.

Have a blessed week ahead.",wu7dr2,2967,283,https://www.reddit.com/r/MomForAMinute/comments/wu7dr2/hi_moms_its_me_again_i_got_a_65_salary_increase/
53,Hi Mom! IM ENGAGED!!! üíçüçæ,,w2qr6d,2943,188,https://www.reddit.com/gallery/w2qr6d
54,Mom I have ED but I cooked today! I'm so happy!,"Hi mom! I have ED, it's nothing to do with wanting to lose weight or my body image. I just starve myself because I feel like I have control over at least something. Cooking for me is triggering because when my mom passed away at 13 and a half, dad would always demand I cook for him and he'd eat my only meal of the day sometimes so I just stopped cooking and eating. He's in another country right now and I finally decided to face my anxiety and cook some fried chicken! I've never done this before but I'm so happy and proud I wanna cry.",xyhaam,2938,112,https://www.reddit.com/gallery/xyhaam
55,"Hey momma, I did my make up again, I‚Äôm so proud of myself, I‚Äôm not the best at it, but I like it!",,w9j0po,2936,120,https://www.reddit.com/gallery/w9j0po
56,My Mum passed away long before I was married and long before my wife and I finally got pregnant. It's hard know how much she will never see. My daughter is my heart waking outside my body; she had her first birthday. Didn't she look beautiful mum?,,vvv2zl,2937,78,https://i.redd.it/d5e99gerora91.jpg
57,Look what i did mom :),,uhtj5i,2886,95,https://i.redd.it/9aqyb8gvmcx81.jpg
58,Hi mom! Today I (almost) completed my first successful sewing project after many tries and failures. A dress for my baby girl for an upcoming wedding.,,vfzh85,2850,93,https://www.reddit.com/gallery/vfzh85
59,"I've been clean from heroin for over 10 years, I bumped into an old ""friend"" who tried to convince me to use with him but I still said no.","I'm trying really hard to feel proud. I guess you could say I'm fishing a bit, for validation or something. 

I'm 33 now, I started using heroin when I was about 12 - not by choice at the time and I literally didn't even know what it was, then after a while it *was* by choice. I was in a really bad situation. Now I've been clean since my early 20s and I'm building a life I'm really happy with. 

I very recently bumped into someone I knew back then, we reconnected and he said he was also in recovery. Then we arranged to hang out and he showed up in an absolute state - I walked away and woke up to a load of texts and voicemails trying to get me to go score with him. 

Obviously I didn't do it and I was 100% open and honest with my partner about everything that happened. I blocked him. I'm still clean. I wish I felt proud of it though because tbh I just feel shame for being a junkie in the first place. 

I don't have a mum, dad or sibling. My partner says he's proud but he's also upset and I'm kinda spiralling even though he's being *so* supportive, I feel undeserving I guess. Some support from anonymous parent-figures would be lovely if that's ok. It seems small but I've got several notebooks of nice and/or helpful reddit comments I've had, sometimes actually does mean a lot to me!",wq4pp7,2835,198,https://www.reddit.com/r/MomForAMinute/comments/wq4pp7/ive_been_clean_from_heroin_for_over_10_years_i/
60,"Mom, I went to my first prom!",,u5rahh,2831,244,https://www.reddit.com/gallery/u5rahh
61,Update Post: I took the leap of faith and accepted their offer to adopt me.,"Update: they‚Äôve chosen my middle name. I made a new post with all the information there. 

So yesterday I posted that my chosen parents had let me know they had a desire to legally adopt me.

I‚Äôve spent the last 24 hours on a roller coaster of emotions, and Reddit helped and hindered that experience for me. Some of you were a huge help and support and some others made me feel I had no choice but to decline. 

Tonight I asked my chosen parents the backstory and if their kids knew, if their kids were accepting of it etc. 

Apparently they reached out to a lawyer on March 1st to see if we met the criteria for adult adoption and once they found out that we would meet the criteria they got more information from their lawyer about the process to make it happen, and decided they wanted to suggest that offer to me.

Then at the beginning of April they told their kids that they wanted to legally adopt me and asked for all of their true opinions on it. Apparently that went over completely fine and everyone agreed it was a good choice because it would protect me if I have got hurt or sick and needed someone to act on my behalf, plus their kids thought maybe it would help me feel more apart of the family. They even showed me the group text messages their kids sent last night and sent this morning asking if I had told them yes or no yet because they‚Äôve been waiting to find out my decision. 

Around 6:45 tonight I sat them down, asked for the backstory and then once I had my questions answered I told them I wanted them to adopt me. I even called them Mom and Dad for the first time (I‚Äôve only ever used their first names). 

Mom broke down immediately and hugged me for a while as she cried. Dad held it together emotionally until I told him I wanted to have his last name. I also told them I didn‚Äôt want to keep my bio mother‚Äôs name as my middle name. I told them I wanted them to come up with a couple names that they like that I could choose from. I told them since they never had a biological child together (all their kids are from their first marriages) they never got to name a child together so I wanted them to get to have a say in my new middle name, plus for me that will carry sentimental value. Dad said he was never going to tell me he wanted me to take his last name because he wanted it to be 100% my choice but that it means the world that I want his name. 

So I‚Äôm spending the night here again tonight because the emotions are running high and I want to be near them for one more night......... but I‚ÄôM GETTING ADOPTED!!!!",v3lwwp,2807,337,https://www.reddit.com/r/MomForAMinute/comments/v3lwwp/update_post_i_took_the_leap_of_faith_and_accepted/
62,"mom, i found a wedding dress. i haven‚Äôt spoken to her since 2019 and i just need a mom to tell me their opinion on my dress. i love it and it has pockets- but i don‚Äôt have a mom and just need one right now.",,u5p2he,2800,443,https://www.reddit.com/gallery/u5p2he
63,"hey mom, i finally tried cross stitch for the first time. what do you think?",,v4mq7s,2755,92,https://i.redd.it/9eb32z268l391.jpg
64,"As a transgender woman at the age of 29, Tonight I will be going on my first ‚Äúgirls night out‚Äù so excited but nervous. I love this outfit but still have to do my makeup. Wish me luck!",,upps4s,2739,282,https://www.reddit.com/gallery/upps4s
65,Mom For A Minute üíû,,v9vfjk,2722,163,https://i.redd.it/ea8a40347z491.jpg
66,"Hi moms! Here‚Äôs an update and finished dress that I made for my baby girl for a wedding. She had a blast and everyone complemented her. Thank you for your support and love. I wouldn‚Äôt have completed it without you. (Sorry for the quality, I try to keep her face off socials)",,vqhrq1,2707,90,https://www.reddit.com/gallery/vqhrq1
67,"Dear Moms, a year ago I posted here because I was diagnosed with cancer and about to shave my hair in preparation for chemo. I survived and today is my birthday","The doctors said I wouldn‚Äôt reach this day if I refused treatment. It feels really weird to still be here and I have lots of mixed feelings. A part of me feels like I am not meant to be alive anymore, but I am also glad I got treated. 

My hair is growing back, I never ended up getting a wig and after everything it was the least of my concerns.

I am alone today, as always, because I don‚Äôt have many friends, but I talked to some over the internet. I wish I could celebrate with someone, to feel like it matters that I am still here. I wish I could celebrate with someone for real.

All in all I think I am doing ok, but I hope things will be better next year. Thanks again to everyone for the support from last year, you really helped me make the right decision",xopvr7,2677,76,https://www.reddit.com/r/MomForAMinute/comments/xopvr7/dear_moms_a_year_ago_i_posted_here_because_i_was/
68,"2 weeks ago, my wife and I did our first IUI procedure. I think we're pregnant!",,yhis54,2675,115,https://i.redd.it/sx766lgp0zw91.jpg
69,"Hi moms. I've got no one to share this with, but I proposed to my gf of 6 years and she said yes. I'm the happiest woman on earth",,rnnwlj,2650,109,https://i.redd.it/op8wqwuc8i781.jpg
70,"My actual mom told me she hates it, but MOMS GUESS WHAT. I covered the arm my ex used to leave bruises on, and left scars on, finally. I get to see something i love instead of memories of pain now.",,vket6g,2645,133,https://v.redd.it/s00z0j4nor791
71,"Could use some support. My biological parents haven't been accepting my transition well. I was so happy to go to Pride for the first time understanding myself like this, I felt so much love, euphoria, and validation and then my mom sends me this message. She'll blame anything she doesn't like on T",,vhgx6r,2641,389,https://www.reddit.com/gallery/vhgx6r
72,"Hi moms, I made it ;-; I s/h‚Äôd for almost 12 years and it‚Äôs been an absolute crawl but I‚Äôve not hurt myself for 1000 days in a row.",,vpr13i,2612,211,https://i.redd.it/5edia9i5i5991.jpg
73,"We love all our Ducklings, and we want to check in with you! How's your day going?",,wotzs6,2544,442,https://i.redd.it/r2b4atts5uh91.jpg
74,I'm married!,,yuvkuq,2529,115,https://www.reddit.com/gallery/yuvkuq
75,"Mama Bear is ordering all her cubs to stop what they are doing right now, drink some water and check your AC filters. No back talking either. Mama Bear loves you all",,vsz7fw,2501,116,https://i.redd.it/ijj90btr80a91.jpg
76,"I did it! A community college, a university, a marriage and a change in majors later, I‚Äôve graduated!! I‚Äôm so excited and so relieved",,wrozg6,2509,46,https://www.reddit.com/gallery/wrozg6
77,"Don't settle for anyone who hurts you, my loves - physically, emotionally, or otherwise.",,rg8o0g,2494,26,https://i.redd.it/upfqrr5nqi581.jpg
78,"Hey mom, I actually felt pretty today",,w7alib,2492,163,https://i.redd.it/fgid5qx11md91.jpg
79,I just lost my girlfriend suddenly and I‚Äôm struggling.,Hello everyone my name my name is Alexa I‚Äôm 26 years old. Last Wednesday I came home from work and found my girlfriend and future wife Emma on the kitchen floor dead. She was 28 years old and it was determined that she died from a brain aneurysm that ruptured. I don‚Äôt know what to do she was my everything we had been together since high school she was my person. We had just gotten engaged the last Saturday before she died I took her out to dinner and proposed to her. I don‚Äôt have anybody to talk to about my feelings at all. I was a only child I don‚Äôt have any siblings my parents kicked me out and disowned me at 18 when I came out as a lesbian. She was all I had Emma was my rock loved her more than anything. I haven‚Äôt been able to sleep very well at all being by myself at night just doesn‚Äôt feel right. Any advice would be appreciated.,ww0n0o,2467,114,https://www.reddit.com/r/MomForAMinute/comments/ww0n0o/i_just_lost_my_girlfriend_suddenly_and_im/
80,"Moms! I'm graduating Magna Cum Laude in Biology, Chemistry and Fine Arts! These past four years have been quite the rollercoaster, but I finally did it!",,upjmxp,2450,85,https://i.redd.it/aseguqz0ngz81.jpg
81,I just made a night light for mother day's gift <3,,u19jzn,2429,37,https://i.redd.it/js5ytbm0yws81.jpg
82,"Mom, I'm sobbing all alone in a hospital bathroom","My ""real"" mother is a cold-hearted narcissist. I'm her only kid, a trans guy, and she's obviously very unsupportive of it‚Äînor that she'd be interested in me anyway. 

I've got my top surgery two days ago, I'm still in the hospital, and I feel so utterly alone. She doesn't even know I'm here, she wouldn't care, and even if I should be used to it by now‚Äîit hurts so, so, so incredibly much. I just want to be loved by my mom.

EDIT: I'll read and reply to every single comment as soon as I can do it without ugly crying like a desperate. You are all too much sweet and caring and honestly, just _amazing_, and I'm still trying to understand how to interact with all of this kindness.

In the meantime here's a general, gigantic THANK YOU. üíô",yf07cm,2417,265,https://www.reddit.com/r/MomForAMinute/comments/yf07cm/mom_im_sobbing_all_alone_in_a_hospital_bathroom/
83,Hey mom. Is this normal kitty behavior? When I‚Äôm upset and crying my baby does this every time.,,s7whw6,2405,117,https://i.redd.it/xoqnpmjgroc81.jpg
84,"Hi mom, we lost our baby last night","Hi mom, I drove my(36) pregnant wife(35) to the emergency room last night due to excessive bleeding and were informed that our baby no longer had a heart beat. We were never planning for children and had set up our life to be child free, but after finding out we were pregnant and going through the some what hard decision to keep the baby, we allowed ourselves to get excited and started planning for our future. 

She was far enough along that we had told her parents and I told all my siblings and my best friend. After finding out that the pregnancy was terminated we are both absolutely gutted. We've laid in bed all day today and haven't eaten anything. My wife will go through moments of heavy sobbing where all I can do is hold her and tell her I love her. 

I have contacted a grief counselor but they won't be able to meet until later in the work week. What can I do for my wife in the mean time. I'm truly worried about her emotional health. 

I don't know what to do for her in the meantime.",ycnze3,2398,228,https://www.reddit.com/r/MomForAMinute/comments/ycnze3/hi_mom_we_lost_our_baby_last_night/
85,Update on my last post on whether I should break up with my boyfriend because he kicked me out of his car and left me on the side of the road. I broke up with him.,"I made a post a couple days ago on whether or not I should break up with my boyfriend after we had an argument and he kicked me out of the car and left me on the side of the road alone at 11 p.m. I thought that I was overreacting by wanting to break up with him but after reading all the comments on my previous post I realized that I was not. Those comments also mentioned some other red flags just from reading my post that I didn't notice before. I did a lot of reflecting on our relationship after I made that post and read all the comments. I started realizing a lot of things that were wrong with our relationship. I realized that there were lot more red flags. 

I decided to break up with him and I broke up with him yesterday. I was going to do it in person but some of the people in the comments told me not to as it might not be safe. I sent him a long text explaining everything instead. He called me right after he read the message. I answered and he started yelling at me. There was a lot yelling then crying then yelling then crying again. 

He apologized a lot and he told me that he would change. He genuinely sounded like he was sorry for everything and was ready to change. He promised to never hurt me again. At one point I felt guilty for breaking up with him. But I remembered that some of the comments on my last post told me that he would apologize and tell me that he would change then do the same thing again and that it could get worse. 

It was a long conversation and by the end of it he just accepted it. He asked me what he could do and I told him that he should get help and learn to control his anger so that he won't treat his next girlfriend like this. Then I cried for the rest of the night. I know that what he did was wrong and he didn't treat me well but I'm still sad about it. Some of you that commented on my last post were concerned for my safety but I'm okay and I think I'll be fine. 

Thank you to everyone that commented on my last post. Thank you for the advice and support. And thank you to those of you that shared your experiences. Sadly a lot of people has experienced something similar to this. I made that post because I don't have a mom that I can talk to. I have a mom but we're not close and I can't talk to her about these things. I'm glad that I made that post. Growing up my parents would fight a lot. My dad did a lot worse than what my boyfriend did but my mom still stayed with him because she loves him. That's why I thought that I was overreacting but I know now that I'm not.",t3fndo,2391,184,https://www.reddit.com/r/MomForAMinute/comments/t3fndo/update_on_my_last_post_on_whether_i_should_break/
86,"Ok kiddos, we need to have a birds and bees chat. Everything you should have been told about menstruation but weren‚Äôt.","This is not to shame anyone for not knowing what they don‚Äôt know.  Knowledge is power and some people don‚Äôt care about you having power over your body.  

You can ask as many questions as you like.  There are no stupid questions and I have a looong attention span for answering.

A full menstrual cycle for a person in their fertile adult years lasts an average of 28 days.  That does not mean that YOUR cycle will last 28 days.  Just like you might not be of average height or have average intelligence or average body temperature, there are a lot of variables.  Furthermore, the length of your cycle is going to change over time.

The parts of a menstrual cycle are: (1) menstrual phase (your period), (2) follicular phase (your body getting ready to release an egg), (3) ovulation (your body has released an egg), and (4) luteal phase.

Let‚Äôs talk about these parts in more detail.

(1) menstruation.  Day 1 of your menstrual cycle is the first day of your period.  Spotting is not your period, periods can be light but they‚Äôre more than spotting.  Periods can last anywhere from just a few days to a week.  If your period lasts longer than a week, mention it to your gynecologist.  It can be nothing or it can be something problematic.  It may also lead to anemia (low iron).

(2) follicular phase.  Your estrogen levels are starting to climb which triggers your ovary to get ready to release an egg and your uterus gets ready to host an embryo. 

The increase in estrogen is also causing you to produce cervical mucous.  When you urinate in the morning, wipe your vulva (front to back) and make sure you swipe inside the outer labia.  Don‚Äôt wipe your vulva dry (you‚Äôll irritate it), this is just a gentle swipe.  Take note of what you see.  

If the tissue is just damp with urine, you aren‚Äôt producing cervical mucous yet. If it‚Äôs the consistency of lotion, estrogen is building but you‚Äôre not yet fertile.  When it looks like egg whites (or snot), that means you‚Äôre fertile.

Most people produce eggwhite cervical mucous for 3-5 days leading up to ovulation.  If you consistently have only 1-2 days, mention it to your gynecologist.  You could have low estrogen levels or you might just be dehydrated.

Sperm can live for 5-7 days inside your body IF you have eggwhite cervical mucous for them to live in.   This means you can get pregnant from sex you had several days earlier.

(3) ovulation.  The day your ovary releases an egg is ovulation.  Most people‚Äôs bodies alternate between the right and left ovary.  Some people feel a sharp pain when their ovary release an egg, kind of like a running stitch.  That‚Äôs normal, don‚Äôt worry.

Once released, the egg can only survive for 24 hours.  Once that 24 hours ends, your estrogen levels drop, progesterone spikes, your cervix closes and becomes firm, and your cervical mucus gets thick and sticky.  If the egg is fertilized, it‚Äôs now in a closed environment.  If it‚Äôs not, it dies.

Your body can‚Äôt tell yet whether or not your egg is fertilized.

(4) Luteal phase.  This is the phase of your cycle that is the most consistent in length.  Your body might delay ovulation, but once that egg is released, you cant put the genie back in the bottle.

Your temperature will be slightly higher during your luteal phase and progesterone is the dominant hormone.  Approximately 7 days into the luteal phase, a fertilized egg will implant.  Only then can your body start to realize you‚Äôre pregnant.  This is why early pregnancy tests can be a false negative.

A luteal phase shorter than 10 days indicates low progesterone and May make it difficult to stay pregnant (low progesterone cannot be relied on as birth control). 

If you have any questions,ask away

ETA:  thanks to everyone for also contributing and answering questions.  I didn‚Äôt think this thread would blow up like this, but evidently we really needed this little chat.",w6ef87,2363,438,https://www.reddit.com/r/MomForAMinute/comments/w6ef87/ok_kiddos_we_need_to_have_a_birds_and_bees_chat/
87,"moms, i got engaged tonight!!!!!",,uueuw6,2369,109,https://i.redd.it/cpj8djqr2r091.jpg
88,"Hey Mom, I know it‚Äôs not much but here‚Äôs the first meal I‚Äôve cooked in six months. The mental break didn‚Äôt kill me, the rona didn‚Äôt kill me, the long-haul hasn‚Äôt killed me yet; this plate is the most I‚Äôve accomplished since November and it‚Äôs the best meal ever",,v6hrie,2362,71,https://i.redd.it/kffw9crbe3491.jpg
89,Hey mom. I'm on my way to an interview and im feeling kinda nervous. Wish me luck!,,uerzc9,2351,112,https://i.imgur.com/5RbGE6q.jpg
90,Be kind to yourself.,,se8y1h,2347,60,https://i.redd.it/cqjj84kerae81.jpg
91,Omw to my first jobüò≥,,v6yolw,2337,68,https://i.redd.it/zkq8pkcpv7491.jpg
92,"Hey Mom. I graduated college this past week. We don't talk anymore, but I'm more proud of myself than I've ever been.",,uzs1ip,2336,73,https://www.reddit.com/gallery/uzs1ip
93,Check your meds. Stay hydrated. Momma loves you,,w5rlps,2325,147,https://i.imgur.com/pa9e84G.jpg
94,Can I wear the dress I wore to my daughter‚Äôs funeral again?,"Can I wear the dress I wore to my daughter‚Äôs funeral 10 years ago to a wedding tomorrow?
Moms- I know this is an odd question, but I have no one else to ask. Almost 10 years ago, my daughter died unexpectedly. I was reeling and bought 2 very expensive dresses for the wake and funeral. She was so fashionable and I didn‚Äôt want to embarrass her, so I bought 2 classic and beautiful dresses that have sat in my closet ever since. 
My nephew is getting married tomorrow and I tried on one of the dresses and it‚Äôs completely appropriate. Can I wear it? I don‚Äôt think it‚Äôs disrespectful to her memory, but I‚Äôd like some input, if you don‚Äôt mind. I doubt anyone will remember. But what if they do? 
I do have a plan b dress.


ETA - Thank you, Moms, for your input. I‚Äôm probably going to wear the dress tomorrow with some accessories and a shrug. We‚Äôll see how it feels in the morning.  I would like to think that she would be proud of me dressing up and looking pretty great in that dress again and representing all the things she taught me about style and beauty. She was so good at that.",y48r4y,2320,139,https://www.reddit.com/r/MomForAMinute/comments/y48r4y/can_i_wear_the_dress_i_wore_to_my_daughters/
95,"I finally told my girlfriend I was raped as a boy, she cried with me","I feel like a huge weight has been lifted, after 6 years of being together I finally told her that my cousin raped me when I was younger. She was shocked and we held each other and cried together for hours without saying anything after. I thought she might not believe me or tell me to get over it or start giving me advice but she didn‚Äôt say anything other than ‚ÄúI don‚Äôt know what to say other than I‚Äôm so sorry you had to go through that,I‚Äôm just really glad you told me‚Äù. God I love this woman so much, I think I love her so much more after she said that. She just knew what to say and I feel so much better for it.",vnpxan,2308,40,https://www.reddit.com/r/MomForAMinute/comments/vnpxan/i_finally_told_my_girlfriend_i_was_raped_as_a_boy/
96,"Hi mum, we made snack boxes for family and friends. Hope they understand money is tight, we tried our best.",,rn8fls,2290,222,https://www.reddit.com/gallery/rn8fls
97,"mom, my baby is officially 6 months old, I never thought this would happen after I had two miscarriages. I'm so in love with her. she's amazing",,tq76va,2283,71,https://i.redd.it/iy5jbuel14q81.jpg
98,hi.. today is my 18th birthday! nobody really remembered‚Ä¶ and i‚Äôve cried so many times today. but happy birthday to me?,:/,ydff8o,2281,377,https://www.reddit.com/r/MomForAMinute/comments/ydff8o/hi_today_is_my_18th_birthday_nobody_really/
99,Today I cooked for the first time in a year,,vufta1,2259,87,https://i.redd.it/r3kqupor5fa91.jpg
